subject,body
CS101: Midterm Exam Schedule and Syllabus Update,"Dear students, please note that the CS101 midterm exam has been scheduled for next Thursday. The updated syllabus and lecture slides are now available on the campus student portal. Please review chapters 3 to 6 and submit your homework assignment before Friday midnight."
Assignment 3 Grade Released & Office Hours,"Your grades for assignment 3 have been posted on the course portal. If you have questions about your grade, please drop by my office hours tomorrow between 2 PM and 4 PM at the computer science building."
Campus Library Book Return Notice,This is a automated reminder that the book 'Introduction to Linear Algebra' borrowed from the campus main library is due in 3 days. You may renew your loan online through the student portal.
University Guest Lecture: Machine Learning in Practice,Join us this Wednesday for a guest lecture by Dr. Alan Turing on modern latent semantic analysis and SVD applications. The lecture will take place in Auditorium B at 10 AM. All undergraduate and graduate students are welcome.
Spring Semester Course Registration Announcement,Registration for the Spring semester opens next week. Please check your student account for any registration holds and consult your academic advisor regarding degree requirements and course selections.
Research Assistantship Opportunity in AI Lab,"Our laboratory is seeking two undergraduate research assistants for the upcoming semester. Selected candidates will work on text processing algorithms, TF-IDF matrix decomposition, and natural language modeling. Apply with your transcript."
Thesis Defense Presentation Announcement,You are invited to the Master's thesis defense presentation by Alex Rivera titled 'Dimensionality Reduction Techniques in Text Vectorization'. The session will be held in Seminar Room 402 on Monday at 3 PM.
Lab Report 2 Instructions and Dataset Download,Please download the dataset for Lab 2 from the online course repository. Ensure all data analysis plots and error calculations are included in your final laboratory report due next Tuesday.
Scholarship Application Deadline Approaching,The deadline for the Academic Excellence Scholarship application is approaching on August 15. Eligible full-time students with a GPA above 3.5 are encouraged to submit their essays and academic references.
Departmental Seminar: Matrix Decompositions,"This week's mathematics seminar will cover Singular Value Decomposition, Eigenvalues, and document-term matrix algebra. Abstract and reading materials have been posted to the department notice board."
Q4 Strategic Planning & Team Sync Agenda,"Hi Team, please find attached the agenda for our Q4 strategic planning meeting tomorrow at 10 AM. We will review project timelines, resource allocation, client feedback, and key performance indicators. Please update your status slides."
Invoice #4892 Approval Request - Acme Corp,"Please review and approve vendor invoice #4892 from Acme Corp for Q3 software license fees ($4,500.00). Once approved, the payment will be scheduled for processing by the accounts payable team."
Project Sprint Review and Deliverables Update,"Our bi-weekly sprint review meeting is scheduled for 3 PM today. We will demonstrate the new client portal features, discuss sprint velocity, and outline deliverables for the next two weeks."
Client Proposal Review - Global Logistics Account,I have updated the client pitch deck and service level contract for the Global Logistics account proposal. Please review the pricing schedule and project scope before our meeting with their executive director.
Weekly Team Status Meeting & Action Items,Here is a summary of action items from today's team status meeting: 1. Finalize product specs by Wednesday. 2. Schedule client call with engineering leads. 3. Review Q4 budget allocation with management.
Urgent: API Integration Deadline Extension,"Due to infrastructure maintenance over the weekend, the deadline for the microservice API integration has been extended to Monday 5 PM. Please notify your engineering sub-teams accordingly."
Performance Review Schedule for H2,Mid-year performance reviews for H2 will commence next month. Employees should complete their self-evaluations and manager alignment feedback forms in the HR portal by the end of the week.
Quarterly OKR Review & Metrics Overview,"Our Q3 OKR results are in! Join our company-wide town hall meeting this Thursday as executive leadership presents revenue metrics, product delivery milestones, and customer retention highlights."
Contract Draft for Vendor Services - Review Needed,Attached is the draft Master Services Agreement for our new cloud infrastructure vendor. Please provide feedback on clause 8 regarding data security and intellectual property by Thursday afternoon.
Design System Guidelines Update,"We have updated our internal component design system guidelines. All frontend developers should refer to the new typography standards, muted color tokens, and border specifications for upcoming UI releases."
Account Balance Alert & Transaction Summary,"Your account balance as of July 31 is $14,250.80. A recent credit transaction of $1,250.00 was posted to your checking account. Log in to online banking to review your complete transaction history."
Monthly Credit Card Statement Available,"Your monthly credit card statement for statement period ending July 28 is now available online. Minimum payment due: $150.00 on August 20. View details, interest charges, and mortgage loan balance online."
Stock Portfolio Performance & Dividend Report,Your quarterly investment portfolio summary shows a return of +4.2%. Dividend payments totaling $320.50 were reinvested into your index fund portfolio on July 15. Check your tax documents online.
Mortgage Interest Rate Adjustment Notice,Important notice regarding mortgage loan #992810. Your annual escrow analysis has been completed. Your monthly mortgage escrow payment will adjust by $24.50 starting next month. Details attached.
Wire Transfer Confirmation - Ref #TX-88391,"We confirm that outgoing wire transfer TX-88391 in the amount of $5,000.00 has been processed successfully to beneficiary account ending in 4412. Transaction fees: $15.00."
Tax Form 1099-INT Ready for Download,Your 1099-INT interest income tax form for the previous tax year is now ready in your secure document vault. Please download this form for your annual income tax filing.
Suspicious Activity Alert - Action Required,"We detected an unusual debit card transaction of $499.99 at an online merchant. If you authorized this transaction, reply YES. If not, reply NO immediately to lock your card and prevent unauthorized charges."
Automated Bill Payment Notice,Your monthly electric bill of $112.45 will be automatically debited from your checking account on August 5 under reference AUTO-PAY-9812. No action is required.
High-Yield Savings Rate Increase Notice,Great news! We have increased the annual percentage yield (APY) on your High-Yield Savings Account to 4.85%. Your interest will continue to compound monthly on your total balance.
Loan Payment Received & Account Summary,"Thank you for your payment of $385.00 received on July 30. Remaining principal balance on auto loan #44102: $8,420.00. Principal breakdown and interest charges are available online."
Exclusive 50% Off Summer Flash Sale!,"Don't miss our summer clearance event! Enjoy up to 50% off select apparel, shoes, and accessories. Use promo code SUMMER50 at checkout to unlock free shipping on orders over $50. Limited time offer!"
Weekly Newsletter: Top Tech Deals & Coupon Codes,"In this week's newsletter: Save $200 on noise-canceling headphones, exclusive discount coupons for smart watches, and clearance prices on laptops! Click to claim your exclusive subscriber discount code."
"Buy One, Get One Free on All Books This Weekend","Special weekend promotion for book lovers! Buy one bestseller and get a second book of equal or lesser value completely free. Plus, earn double reward points on all online purchases."
Your $15 Reward Voucher is Waiting!,You have earned a $15 VIP reward voucher! Redeem your discount points online or in-store on any order of $40 or more before it expires at the end of the month. Shop now and save!
Flash Sale: 24 Hours Only - 30% Off Storewide,"Hurry! Our 24-hour flash sale starts right now. Save 30% on kitchenware, furniture, bedding, and home accents. Enter coupon FLASH30 at checkout. Discount automatically applied."
New Fall Collection Arrival & Member Early Access,"As a valued loyalty member, you get exclusive early access to our new Fall Collection! Enjoy 20% off all new arrivals when you shop before midnight tonight using your member account."
Clearance Blowout: Prices Slashed Up To 70%,Massive warehouse clearance blowout! We are clearing inventory with prices slashed up to 70% off retail value. Free shipping on all orders. Shop limited quantities while supplies last!
Special Offer: Upgrade Your Plan & Get 3 Months Free,"Upgrade your streaming subscription to Premium HD today and receive 3 months completely free! Enjoy unlimited movie downloads, no advertisements, and exclusive original series."
Weekend Special: Save Big on Dining & Delivery,Hungry? Take $10 off your food delivery order of $25 or more this weekend with promo code EATS10. Discover top local restaurants with zero delivery fees for premium members.
Subscriber Discount: Final Hours to Save 40%,"Final hours! Your subscriber discount coupon is expiring soon. Take 40% off camping equipment, hiking boots, and outdoor jackets. Don't wait—shop the sale before prices go back up."
CS101: Midterm Exam Schedule and Syllabus Update (Ref #141),"Dear students, please note that the CS101 midterm exam has been scheduled for next Thursday. The updated syllabus and lecture slides are now available on the campus student portal. Please review chapters 3 to 6 and submit your homework assignment before Friday midnight."
Assignment 3 Grade Released & Office Hours (Ref #142),"Your grades for assignment 3 have been posted on the course portal. If you have questions about your grade, please drop by my office hours tomorrow between 2 PM and 4 PM at the computer science building."
Campus Library Book Return Notice (Ref #143),This is a automated reminder that the book 'Introduction to Linear Algebra' borrowed from the campus main library is due in 3 days. You may renew your loan online through the student portal.
University Guest Lecture: Machine Learning in Practice (Ref #144),Join us this Wednesday for a guest lecture by Dr. Alan Turing on modern latent semantic analysis and SVD applications. The lecture will take place in Auditorium B at 10 AM. All undergraduate and graduate students are welcome.
Spring Semester Course Registration Announcement (Ref #145),Registration for the Spring semester opens next week. Please check your student account for any registration holds and consult your academic advisor regarding degree requirements and course selections.
Research Assistantship Opportunity in AI Lab (Ref #146),"Our laboratory is seeking two undergraduate research assistants for the upcoming semester. Selected candidates will work on text processing algorithms, TF-IDF matrix decomposition, and natural language modeling. Apply with your transcript."
Thesis Defense Presentation Announcement (Ref #147),You are invited to the Master's thesis defense presentation by Alex Rivera titled 'Dimensionality Reduction Techniques in Text Vectorization'. The session will be held in Seminar Room 402 on Monday at 3 PM.
Lab Report 2 Instructions and Dataset Download (Ref #148),Please download the dataset for Lab 2 from the online course repository. Ensure all data analysis plots and error calculations are included in your final laboratory report due next Tuesday.
Scholarship Application Deadline Approaching (Ref #149),The deadline for the Academic Excellence Scholarship application is approaching on August 15. Eligible full-time students with a GPA above 3.5 are encouraged to submit their essays and academic references.
Departmental Seminar: Matrix Decompositions (Ref #150),"This week's mathematics seminar will cover Singular Value Decomposition, Eigenvalues, and document-term matrix algebra. Abstract and reading materials have been posted to the department notice board."
Q4 Strategic Planning & Team Sync Agenda (Ref #151),"Hi Team, please find attached the agenda for our Q4 strategic planning meeting tomorrow at 10 AM. We will review project timelines, resource allocation, client feedback, and key performance indicators. Please update your status slides."
Invoice #4892 Approval Request - Acme Corp (Ref #152),"Please review and approve vendor invoice #4892 from Acme Corp for Q3 software license fees ($4,500.00). Once approved, the payment will be scheduled for processing by the accounts payable team."
Project Sprint Review and Deliverables Update (Ref #153),"Our bi-weekly sprint review meeting is scheduled for 3 PM today. We will demonstrate the new client portal features, discuss sprint velocity, and outline deliverables for the next two weeks."
Client Proposal Review - Global Logistics Account (Ref #154),I have updated the client pitch deck and service level contract for the Global Logistics account proposal. Please review the pricing schedule and project scope before our meeting with their executive director.
Weekly Team Status Meeting & Action Items (Ref #155),Here is a summary of action items from today's team status meeting: 1. Finalize product specs by Wednesday. 2. Schedule client call with engineering leads. 3. Review Q4 budget allocation with management.
Urgent: API Integration Deadline Extension (Ref #156),"Due to infrastructure maintenance over the weekend, the deadline for the microservice API integration has been extended to Monday 5 PM. Please notify your engineering sub-teams accordingly."
Performance Review Schedule for H2 (Ref #157),Mid-year performance reviews for H2 will commence next month. Employees should complete their self-evaluations and manager alignment feedback forms in the HR portal by the end of the week.
Quarterly OKR Review & Metrics Overview (Ref #158),"Our Q3 OKR results are in! Join our company-wide town hall meeting this Thursday as executive leadership presents revenue metrics, product delivery milestones, and customer retention highlights."
Contract Draft for Vendor Services - Review Needed (Ref #159),Attached is the draft Master Services Agreement for our new cloud infrastructure vendor. Please provide feedback on clause 8 regarding data security and intellectual property by Thursday afternoon.
Design System Guidelines Update (Ref #160),"We have updated our internal component design system guidelines. All frontend developers should refer to the new typography standards, muted color tokens, and border specifications for upcoming UI releases."
Account Balance Alert & Transaction Summary (Ref #161),"Your account balance as of July 31 is $14,250.80. A recent credit transaction of $1,250.00 was posted to your checking account. Log in to online banking to review your complete transaction history."
Monthly Credit Card Statement Available (Ref #162),"Your monthly credit card statement for statement period ending July 28 is now available online. Minimum payment due: $150.00 on August 20. View details, interest charges, and mortgage loan balance online."
Stock Portfolio Performance & Dividend Report (Ref #163),Your quarterly investment portfolio summary shows a return of +4.2%. Dividend payments totaling $320.50 were reinvested into your index fund portfolio on July 15. Check your tax documents online.
Mortgage Interest Rate Adjustment Notice (Ref #164),Important notice regarding mortgage loan #992810. Your annual escrow analysis has been completed. Your monthly mortgage escrow payment will adjust by $24.50 starting next month. Details attached.
Wire Transfer Confirmation - Ref #TX-88391 (Ref #165),"We confirm that outgoing wire transfer TX-88391 in the amount of $5,000.00 has been processed successfully to beneficiary account ending in 4412. Transaction fees: $15.00."
Tax Form 1099-INT Ready for Download (Ref #166),Your 1099-INT interest income tax form for the previous tax year is now ready in your secure document vault. Please download this form for your annual income tax filing.
Suspicious Activity Alert - Action Required (Ref #167),"We detected an unusual debit card transaction of $499.99 at an online merchant. If you authorized this transaction, reply YES. If not, reply NO immediately to lock your card and prevent unauthorized charges."
Automated Bill Payment Notice (Ref #168),Your monthly electric bill of $112.45 will be automatically debited from your checking account on August 5 under reference AUTO-PAY-9812. No action is required.
High-Yield Savings Rate Increase Notice (Ref #169),Great news! We have increased the annual percentage yield (APY) on your High-Yield Savings Account to 4.85%. Your interest will continue to compound monthly on your total balance.
Loan Payment Received & Account Summary (Ref #170),"Thank you for your payment of $385.00 received on July 30. Remaining principal balance on auto loan #44102: $8,420.00. Principal breakdown and interest charges are available online."
Exclusive 50% Off Summer Flash Sale! (Ref #171),"Don't miss our summer clearance event! Enjoy up to 50% off select apparel, shoes, and accessories. Use promo code SUMMER50 at checkout to unlock free shipping on orders over $50. Limited time offer!"
Weekly Newsletter: Top Tech Deals & Coupon Codes (Ref #172),"In this week's newsletter: Save $200 on noise-canceling headphones, exclusive discount coupons for smart watches, and clearance prices on laptops! Click to claim your exclusive subscriber discount code."
"Buy One, Get One Free on All Books This Weekend (Ref #173)","Special weekend promotion for book lovers! Buy one bestseller and get a second book of equal or lesser value completely free. Plus, earn double reward points on all online purchases."
Your $15 Reward Voucher is Waiting! (Ref #174),You have earned a $15 VIP reward voucher! Redeem your discount points online or in-store on any order of $40 or more before it expires at the end of the month. Shop now and save!
Flash Sale: 24 Hours Only - 30% Off Storewide (Ref #175),"Hurry! Our 24-hour flash sale starts right now. Save 30% on kitchenware, furniture, bedding, and home accents. Enter coupon FLASH30 at checkout. Discount automatically applied."
New Fall Collection Arrival & Member Early Access (Ref #176),"As a valued loyalty member, you get exclusive early access to our new Fall Collection! Enjoy 20% off all new arrivals when you shop before midnight tonight using your member account."
Clearance Blowout: Prices Slashed Up To 70% (Ref #177),Massive warehouse clearance blowout! We are clearing inventory with prices slashed up to 70% off retail value. Free shipping on all orders. Shop limited quantities while supplies last!
Special Offer: Upgrade Your Plan & Get 3 Months Free (Ref #178),"Upgrade your streaming subscription to Premium HD today and receive 3 months completely free! Enjoy unlimited movie downloads, no advertisements, and exclusive original series."
Weekend Special: Save Big on Dining & Delivery (Ref #179),Hungry? Take $10 off your food delivery order of $25 or more this weekend with promo code EATS10. Discover top local restaurants with zero delivery fees for premium members.
Subscriber Discount: Final Hours to Save 40% (Ref #180),"Final hours! Your subscriber discount coupon is expiring soon. Take 40% off camping equipment, hiking boots, and outdoor jackets. Don't wait—shop the sale before prices go back up."
CS101: Midterm Exam Schedule and Syllabus Update (Ref #181),"Dear students, please note that the CS101 midterm exam has been scheduled for next Thursday. The updated syllabus and lecture slides are now available on the campus student portal. Please review chapters 3 to 6 and submit your homework assignment before Friday midnight."
Assignment 3 Grade Released & Office Hours (Ref #182),"Your grades for assignment 3 have been posted on the course portal. If you have questions about your grade, please drop by my office hours tomorrow between 2 PM and 4 PM at the computer science building."
Campus Library Book Return Notice (Ref #183),This is a automated reminder that the book 'Introduction to Linear Algebra' borrowed from the campus main library is due in 3 days. You may renew your loan online through the student portal.
University Guest Lecture: Machine Learning in Practice (Ref #184),Join us this Wednesday for a guest lecture by Dr. Alan Turing on modern latent semantic analysis and SVD applications. The lecture will take place in Auditorium B at 10 AM. All undergraduate and graduate students are welcome.
Spring Semester Course Registration Announcement (Ref #185),Registration for the Spring semester opens next week. Please check your student account for any registration holds and consult your academic advisor regarding degree requirements and course selections.
Research Assistantship Opportunity in AI Lab (Ref #186),"Our laboratory is seeking two undergraduate research assistants for the upcoming semester. Selected candidates will work on text processing algorithms, TF-IDF matrix decomposition, and natural language modeling. Apply with your transcript."
Thesis Defense Presentation Announcement (Ref #187),You are invited to the Master's thesis defense presentation by Alex Rivera titled 'Dimensionality Reduction Techniques in Text Vectorization'. The session will be held in Seminar Room 402 on Monday at 3 PM.
Lab Report 2 Instructions and Dataset Download (Ref #188),Please download the dataset for Lab 2 from the online course repository. Ensure all data analysis plots and error calculations are included in your final laboratory report due next Tuesday.
Scholarship Application Deadline Approaching (Ref #189),The deadline for the Academic Excellence Scholarship application is approaching on August 15. Eligible full-time students with a GPA above 3.5 are encouraged to submit their essays and academic references.
Departmental Seminar: Matrix Decompositions (Ref #190),"This week's mathematics seminar will cover Singular Value Decomposition, Eigenvalues, and document-term matrix algebra. Abstract and reading materials have been posted to the department notice board."
Q4 Strategic Planning & Team Sync Agenda (Ref #191),"Hi Team, please find attached the agenda for our Q4 strategic planning meeting tomorrow at 10 AM. We will review project timelines, resource allocation, client feedback, and key performance indicators. Please update your status slides."
Invoice #4892 Approval Request - Acme Corp (Ref #192),"Please review and approve vendor invoice #4892 from Acme Corp for Q3 software license fees ($4,500.00). Once approved, the payment will be scheduled for processing by the accounts payable team."
Project Sprint Review and Deliverables Update (Ref #193),"Our bi-weekly sprint review meeting is scheduled for 3 PM today. We will demonstrate the new client portal features, discuss sprint velocity, and outline deliverables for the next two weeks."
Client Proposal Review - Global Logistics Account (Ref #194),I have updated the client pitch deck and service level contract for the Global Logistics account proposal. Please review the pricing schedule and project scope before our meeting with their executive director.
Weekly Team Status Meeting & Action Items (Ref #195),Here is a summary of action items from today's team status meeting: 1. Finalize product specs by Wednesday. 2. Schedule client call with engineering leads. 3. Review Q4 budget allocation with management.
Urgent: API Integration Deadline Extension (Ref #196),"Due to infrastructure maintenance over the weekend, the deadline for the microservice API integration has been extended to Monday 5 PM. Please notify your engineering sub-teams accordingly."
Performance Review Schedule for H2 (Ref #197),Mid-year performance reviews for H2 will commence next month. Employees should complete their self-evaluations and manager alignment feedback forms in the HR portal by the end of the week.
Quarterly OKR Review & Metrics Overview (Ref #198),"Our Q3 OKR results are in! Join our company-wide town hall meeting this Thursday as executive leadership presents revenue metrics, product delivery milestones, and customer retention highlights."
Contract Draft for Vendor Services - Review Needed (Ref #199),Attached is the draft Master Services Agreement for our new cloud infrastructure vendor. Please provide feedback on clause 8 regarding data security and intellectual property by Thursday afternoon.
Design System Guidelines Update (Ref #200),"We have updated our internal component design system guidelines. All frontend developers should refer to the new typography standards, muted color tokens, and border specifications for upcoming UI releases."
